<?xml version="1.0" encoding="UTF-8"?>
<!DOCTYPE codetemplates PUBLIC "-//NetBeans//DTD Editor Code Templates settings 1.0//EN" "http://www.netbeans.org/dtds/EditorCodeTemplates-1_0.dtd">
<codetemplates>
    <codetemplate abbreviation="t" xml:space="preserve">
        <code><![CDATA[<table cellpadding="0" cellspacing="0" border="0" width="100%">
    <tr>
        <td></td>
    </tr>
</table>]]></code>
    </codetemplate>
    <codetemplate abbreviation="s" xml:space="preserve">
        <code><![CDATA[style=""]]></code>
    </codetemplate>
    <codetemplate abbreviation="c" xml:space="preserve">
        <code><![CDATA[class=""]]></code>
    </codetemplate>
    <codetemplate abbreviation="a" xml:space="preserve">
        <code><![CDATA[<a href="#"></a>]]></code>
    </codetemplate>
    <codetemplate abbreviation="div" xml:space="preserve">
        <code><![CDATA[<div class="">
    
</div>]]></code>
    </codetemplate>
    <codetemplate abbreviation="section" xml:space="preserve">
        <code><![CDATA[<section class="">
                                
                            </section>]]></code>
    </codetemplate>
    <codetemplate abbreviation="i" xml:space="preserve">
        <code><![CDATA[<img src="img/blank.gif" alt="" width="1" height="1" />]]></code>
    </codetemplate>
</codetemplates>
