<?xml version="1.0" encoding="UTF-8"?>
<!DOCTYPE codetemplates PUBLIC "-//NetBeans//DTD Editor Code Templates settings 1.0//EN" "http://www.netbeans.org/dtds/EditorCodeTemplates-1_0.dtd">
<codetemplates>
    <codetemplate abbreviation="w" xml:space="preserve">
        <code><![CDATA[width: px;]]></code>
    </codetemplate>
    <codetemplate abbreviation="li" xml:space="preserve">
        <code><![CDATA[line-height: ]]></code>
    </codetemplate>
    <codetemplate abbreviation="f" xml:space="preserve">
        <code><![CDATA[float: left;]]></code>
    </codetemplate>
    <codetemplate abbreviation="tt" xml:space="preserve">
        <code><![CDATA[text-transform: uppercase; ]]></code>
    </codetemplate>
    <codetemplate abbreviation="fw" xml:space="preserve">
        <code><![CDATA[font-weight: bold;]]></code>
    </codetemplate>
    <codetemplate abbreviation="ff" xml:space="preserve">
        <code><![CDATA[font-family:Arial, Helvetica, sans-serif; ]]></code>
    </codetemplate>
    <codetemplate abbreviation="imp" xml:space="preserve">
        <code><![CDATA[!important; ]]></code>
    </codetemplate>
    <codetemplate abbreviation="o" xml:space="preserve">
        <code><![CDATA[overflow: hidden;]]></code>
    </codetemplate>
    <codetemplate abbreviation="back" xml:space="preserve">
        <code><![CDATA[background: url('../images/.png') repeat 0px 0px;]]></code>
    </codetemplate>
    <codetemplate abbreviation="fo" xml:space="preserve">
        <code><![CDATA[font-size: ]]></code>
    </codetemplate>
    <codetemplate abbreviation="br" xml:space="preserve">
        <code><![CDATA[border-radius:4px;]]></code>
    </codetemplate>
</codetemplates>
